Experience,Gender,Role,Education,Age,Department,Remote,Years_in_Current_Role,Salary
7,Female,Analyst,PhD,40,Marketing,Onsite,1,40325.93
20,Female,Designer,PhD,33,HR,Onsite,9,88795.97
15,Male,Manager,PhD,37,Marketing,Remote,3,57464.12
11,Male,Manager,Masters,31,Marketing,Onsite,4,55760.93
8,Female,Manager,Masters,46,Finance,Remote,1,47395.47
7,Male,Designer,Masters,41,Marketing,Remote,9,61300.72
19,Male,Analyst,Masters,52,IT,Remote,0,74896.55
11,Male,Developer,Bachelors,25,Finance,Remote,6,64840.16
11,Male,Manager,Masters,44,Finance,Remote,9,72579.58
4,Male,Designer,PhD,23,Finance,Remote,0,33854.12
8,Female,Designer,PhD,43,HR,Onsite,10,66951.85
3,Male,Developer,Masters,58,HR,Onsite,10,56093.28
2,Male,Developer,PhD,29,Marketing,Onsite,7,32518.62
12,Male,Designer,Masters,28,Finance,Remote,2,55897.68
6,Male,Analyst,PhD,35,Finance,Onsite,9,58510.19
2,Female,Developer,Bachelors,24,IT,Onsite,5,38922.93
1,Female,Designer,Bachelors,37,Marketing,Onsite,6,35570.87
12,Female,Developer,Masters,40,IT,Remote,9,78070.88
12,Female,Analyst,Masters,39,Marketing,Onsite,0,54555.2
17,Male,Manager,Masters,37,Marketing,Remote,5,72192.03
10,Female,Developer,PhD,29,HR,Onsite,6,52455.03
16,Male,Analyst,Masters,54,HR,Remote,5,66438.2
15,Male,Designer,Bachelors,33,IT,Remote,3,60010.8
15,Male,Developer,PhD,32,Marketing,Remote,0,65394.88
19,Male,Developer,Masters,26,Finance,Onsite,10,85523.17
12,Male,Designer,PhD,48,HR,Onsite,8,63147.18
20,Female,Manager,PhD,33,Finance,Remote,3,77302.5
3,Female,Designer,Masters,38,IT,Onsite,6,43732.4
5,Female,Developer,PhD,27,HR,Remote,6,50172.45
19,Female,Designer,Bachelors,54,HR,Remote,1,70648.82
7,Male,Analyst,Bachelors,26,Marketing,Onsite,0,46101.34
9,Female,Designer,PhD,49,IT,Onsite,7,59998.26
7,Male,Developer,Masters,35,Marketing,Onsite,7,56605.25
18,Female,Designer,PhD,26,HR,Remote,6,81279.04
4,Male,Manager,Bachelors,54,IT,Remote,7,51702.81
14,Male,Designer,PhD,40,HR,Onsite,2,59315.49
18,Female,Manager,PhD,43,IT,Remote,10,80510.24
9,Male,Analyst,Bachelors,26,HR,Onsite,1,55650.85
2,Male,Manager,PhD,23,Finance,Remote,6,43562.11
20,Female,Designer,PhD,51,Finance,Onsite,7,78629.91
15,Male,Developer,Masters,60,Marketing,Onsite,0,56844.31
7,Female,Manager,Masters,25,Finance,Remote,9,58865.19
12,Female,Analyst,Bachelors,54,HR,Onsite,8,61725.72
8,Female,Manager,Bachelors,34,HR,Onsite,10,67423.98
15,Male,Manager,Bachelors,41,Finance,Remote,3,59310.91
3,Male,Manager,Masters,28,Marketing,Onsite,3,47890.34
14,Male,Analyst,Bachelors,36,Finance,Remote,2,59573.85
17,Female,Designer,Bachelors,44,IT,Onsite,5,66116.31
4,Male,Manager,Bachelors,35,IT,Remote,0,38945.88
18,Female,Manager,Masters,44,IT,Onsite,5,68734.8
8,Female,Developer,PhD,40,Finance,Onsite,1,47671.86
4,Male,Analyst,Bachelors,50,Finance,Onsite,8,47112.28
2,Female,Manager,PhD,41,Finance,Onsite,1,40225.37
6,Male,Analyst,Bachelors,50,IT,Remote,6,51683.75
10,Male,Manager,PhD,45,Marketing,Remote,0,44057.5
4,Male,Designer,Masters,39,HR,Remote,6,44014.82
18,Male,Designer,Masters,31,Finance,Remote,4,75524.74
12,Male,Manager,Bachelors,29,Marketing,Remote,7,70935.46
2,Female,Designer,PhD,47,HR,Remote,3,38273.63
10,Female,Manager,Masters,50,HR,Remote,9,58278.02
4,Female,Designer,Bachelors,31,HR,Onsite,6,52270.18
14,Male,Developer,Bachelors,38,Marketing,Onsite,5,69002.82
16,Male,Developer,Masters,23,Marketing,Onsite,4,74532.7
15,Male,Developer,Masters,27,IT,Onsite,3,65951.05
8,Female,Analyst,Bachelors,26,Marketing,Remote,6,52397.02
14,Male,Analyst,PhD,49,Marketing,Remote,4,66584.44
8,Female,Developer,PhD,26,Marketing,Remote,4,53631.65
16,Female,Analyst,PhD,39,HR,Onsite,0,59125.63
13,Male,Designer,Bachelors,47,Finance,Remote,1,58493.19
18,Male,Manager,Masters,41,IT,Onsite,4,71024.87
15,Female,Manager,Bachelors,48,Finance,Remote,2,66717.69
13,Male,Manager,Masters,33,Finance,Remote,1,59960.03
9,Female,Developer,PhD,28,Marketing,Remote,3,47242.04
15,Male,Analyst,PhD,24,IT,Remote,3,58737.89
13,Male,Designer,Masters,31,Finance,Onsite,3,60050.94
1,Female,Designer,Masters,55,Finance,Onsite,3,36664.1
7,Male,Developer,Bachelors,46,IT,Remote,2,50804.88
9,Female,Designer,PhD,56,Marketing,Onsite,6,59566.52
1,Male,Designer,Bachelors,37,Finance,Remote,8,51293.43
12,Female,Designer,Bachelors,23,HR,Remote,4,57664.03
8,Female,Designer,Bachelors,45,Finance,Remote,3,47878.57
11,Male,Analyst,PhD,31,HR,Remote,10,62200.93
19,Female,Designer,Bachelors,59,Marketing,Onsite,1,73247.04
17,Male,Manager,Bachelors,43,Finance,Remote,1,65608.76
8,Male,Developer,Bachelors,47,IT,Remote,4,42731.98
3,Male,Analyst,Bachelors,60,IT,Onsite,6,46010.83
3,Female,Designer,Bachelors,48,Finance,Remote,9,50829.85
1,Female,Analyst,Bachelors,50,Marketing,Onsite,9,44778.27
5,Male,Designer,PhD,59,Marketing,Remote,8,53483.27
10,Male,Manager,Bachelors,41,IT,Remote,6,52898.82
7,Female,Developer,Masters,48,Finance,Remote,4,58205.16
9,Male,Designer,Bachelors,41,Marketing,Remote,9,63401.3
7,Male,Designer,Bachelors,40,IT,Remote,9,48631.51
9,Female,Designer,PhD,41,HR,Remote,9,61470.51
8,Male,Designer,PhD,56,Finance,Onsite,5,55533.6
12,Female,Developer,Masters,23,HR,Remote,10,63435.34
2,Male,Developer,Masters,51,HR,Onsite,2,39668.15
1,Female,Manager,PhD,55,Marketing,Onsite,4,46404.63
16,Male,Developer,PhD,43,Marketing,Remote,7,69278.15
5,Male,Designer,Bachelors,24,Marketing,Onsite,0,42142.19
3,Female,Manager,PhD,27,Finance,Remote,0,37042.99
12,Male,Manager,Masters,36,HR,Onsite,6,67841.45
8,Female,Manager,Bachelors,48,Finance,Remote,4,51455.79
3,Male,Designer,Masters,31,Marketing,Onsite,4,36666.42
1,Female,Analyst,Bachelors,30,HR,Onsite,0,36520.91
3,Female,Designer,PhD,54,Finance,Remote,8,42963.7
5,Female,Developer,Masters,53,Finance,Onsite,0,49044.31
15,Female,Developer,Bachelors,27,IT,Remote,4,68803.85
14,Male,Designer,Bachelors,57,Finance,Remote,9,68505.54
3,Male,Designer,PhD,23,Marketing,Remote,8,53543.26
1,Female,Manager,PhD,50,Finance,Remote,3,36454.05
5,Female,Designer,PhD,25,HR,Remote,7,49392.97
14,Female,Manager,Masters,22,Finance,Onsite,5,62095.65
7,Male,Developer,Bachelors,40,IT,Onsite,10,49609.11
9,Male,Manager,PhD,47,HR,Onsite,2,54021.96
15,Male,Designer,Masters,46,HR,Remote,3,56359.37
15,Male,Developer,Masters,31,IT,Onsite,1,57533.53
10,Female,Analyst,Masters,36,Marketing,Onsite,0,52164.22
13,Female,Manager,PhD,43,HR,Onsite,7,63996.62
19,Female,Developer,PhD,42,Marketing,Onsite,0,68785.76
7,Male,Manager,Bachelors,43,HR,Onsite,10,52931.52
17,Male,Developer,Bachelors,57,HR,Remote,0,62257.7
20,Male,Developer,PhD,55,Marketing,Remote,3,75316.93
4,Female,Manager,Masters,51,HR,Onsite,9,46742.64
5,Female,Analyst,Masters,46,Marketing,Remote,9,61931.82
7,Male,Developer,Masters,49,IT,Remote,5,48312.88
13,Female,Developer,Bachelors,22,Marketing,Onsite,8,74892.08
15,Male,Developer,Masters,25,IT,Onsite,0,59160.97
11,Male,Analyst,Bachelors,28,HR,Remote,6,53157.62
4,Female,Analyst,Bachelors,30,Marketing,Onsite,9,45815.5
13,Male,Designer,Masters,57,HR,Remote,10,71880.4
7,Female,Manager,Masters,40,Marketing,Remote,4,55163.88
19,Male,Analyst,PhD,22,IT,Onsite,7,87348.89
2,Female,Manager,PhD,31,IT,Remote,6,43641.09
10,Female,Designer,Masters,57,Marketing,Remote,3,48613.78
13,Female,Manager,Bachelors,30,IT,Remote,3,61892.43
6,Male,Analyst,Bachelors,53,HR,Onsite,5,45373.93
12,Male,Manager,Bachelors,53,HR,Onsite,5,63460.96
12,Female,Analyst,Bachelors,27,Finance,Onsite,8,61292.63
20,Female,Manager,Bachelors,59,IT,Onsite,4,65552.15
11,Male,Analyst,PhD,38,HR,Remote,7,69084.28
7,Male,Analyst,Masters,31,Marketing,Onsite,4,48867.92
1,Male,Manager,PhD,48,IT,Onsite,1,33748.3
1,Female,Designer,Bachelors,56,HR,Onsite,5,44483.51
20,Male,Developer,Bachelors,42,IT,Onsite,8,90000.0
13,Male,Designer,Bachelors,46,Marketing,Remote,2,62600.4
9,Female,Manager,Bachelors,49,HR,Remote,0,48515.01
3,Male,Designer,Masters,36,Finance,Remote,0,38314.36
7,Male,Analyst,Bachelors,25,Finance,Onsite,2,45526.08
6,Male,Developer,Masters,50,IT,Onsite,9,55680.57
8,Female,Manager,Bachelors,30,Marketing,Remote,4,52724.32
9,Female,Manager,Masters,48,HR,Onsite,2,47066.87
5,Female,Manager,PhD,47,Marketing,Onsite,8,52105.87
1,Female,Developer,Bachelors,40,HR,Remote,7,44335.51
19,Female,Analyst,Masters,49,IT,Remote,2,73585.08
10,Female,Manager,PhD,38,HR,Onsite,8,64186.62
12,Female,Designer,Bachelors,41,Marketing,Onsite,5,54804.87
15,Male,Manager,Bachelors,60,Marketing,Onsite,6,75146.29
9,Male,Manager,Bachelors,44,IT,Remote,3,58231.41
20,Female,Manager,Masters,53,Marketing,Remote,3,74019.26
17,Male,Manager,Masters,54,HR,Remote,1,67777.54
17,Male,Analyst,PhD,26,IT,Remote,4,68917.23
20,Female,Designer,Masters,55,HR,Onsite,7,84259.79
12,Male,Analyst,Masters,32,Marketing,Remote,6,58928.64
7,Male,Designer,Bachelors,24,IT,Remote,6,59712.3
2,Male,Manager,Bachelors,54,HR,Onsite,5,45011.04
3,Male,Developer,Bachelors,32,Marketing,Onsite,2,42627.17
17,Male,Analyst,Bachelors,37,Marketing,Onsite,4,69474.74
5,Female,Developer,Bachelors,39,Finance,Remote,0,32936.91
17,Female,Analyst,Bachelors,51,Marketing,Onsite,6,77419.67
17,Female,Manager,Bachelors,31,HR,Onsite,8,69102.19
17,Male,Analyst,PhD,39,IT,Remote,0,68479.86
2,Female,Manager,PhD,59,Finance,Remote,1,31639.36
2,Male,Analyst,PhD,40,Marketing,Onsite,2,30000.0
5,Male,Manager,PhD,57,Marketing,Remote,2,43005.0
1,Male,Manager,Bachelors,34,Marketing,Onsite,7,48414.0
1,Male,Designer,PhD,24,HR,Onsite,6,36171.98
19,Female,Manager,Bachelors,31,Finance,Remote,5,83495.17
2,Female,Designer,PhD,59,HR,Onsite,9,50783.7
12,Male,Manager,Masters,22,Finance,Remote,9,68283.8
6,Female,Developer,PhD,48,IT,Remote,10,54821.88
4,Male,Manager,PhD,29,HR,Remote,3,40670.51
11,Female,Developer,Bachelors,38,HR,Onsite,8,66150.84
17,Female,Developer,PhD,30,IT,Remote,0,68230.2
6,Male,Manager,Masters,27,Finance,Remote,10,54032.52
5,Female,Developer,Bachelors,46,Marketing,Onsite,1,37467.43
20,Male,Designer,Bachelors,60,IT,Onsite,3,73430.87
2,Female,Analyst,PhD,49,Marketing,Onsite,2,43968.14
6,Male,Manager,Bachelors,54,Marketing,Onsite,0,35915.56
11,Male,Developer,Bachelors,58,IT,Remote,4,63712.39
16,Female,Manager,Bachelors,30,Finance,Remote,6,71211.4
16,Female,Designer,Bachelors,39,Marketing,Remote,1,55236.3
1,Male,Manager,Bachelors,42,IT,Onsite,4,35691.84
9,Female,Manager,Bachelors,23,HR,Onsite,5,58548.34
6,Female,Developer,Masters,59,HR,Remote,10,66009.07
16,Male,Designer,PhD,57,HR,Onsite,6,64363.14
3,Male,Analyst,Masters,58,IT,Onsite,0,30000.0
20,Female,Analyst,Bachelors,36,HR,Remote,6,72452.24
4,Male,Developer,Bachelors,49,Marketing,Remote,3,48152.08
19,Male,Manager,PhD,39,HR,Onsite,7,69531.29
3,Male,Developer,Masters,55,HR,Onsite,3,47986.27
19,Female,Developer,PhD,43,Marketing,Onsite,5,81574.04
20,Female,Developer,Masters,32,HR,Remote,8,82955.18
7,Male,Manager,Bachelors,34,Marketing,Remote,4,46868.17
20,Female,Designer,PhD,25,HR,Remote,3,74776.3
9,Male,Developer,PhD,43,Marketing,Remote,7,61555.44
1,Female,Manager,Bachelors,28,HR,Remote,8,46292.38
8,Male,Designer,PhD,45,Marketing,Onsite,3,59198.3
7,Male,Developer,Masters,25,IT,Onsite,2,45699.49
18,Female,Analyst,Masters,49,Marketing,Onsite,7,69995.79
8,Male,Designer,Masters,36,HR,Remote,4,44613.6
1,Female,Developer,Masters,22,HR,Remote,1,30000.0
11,Female,Designer,Bachelors,24,Finance,Remote,9,66481.39
18,Male,Designer,PhD,35,Marketing,Onsite,8,76828.16
10,Male,Designer,Masters,59,IT,Remote,2,53163.27
3,Female,Designer,Bachelors,22,Marketing,Remote,1,34814.7
7,Male,Designer,PhD,59,Marketing,Onsite,0,38449.17
16,Male,Designer,PhD,59,IT,Remote,7,75571.68
16,Male,Developer,Bachelors,42,Marketing,Onsite,10,64684.68
20,Male,Analyst,Bachelors,50,IT,Remote,2,68992.02
17,Male,Manager,Masters,26,IT,Remote,6,76932.45
2,Female,Designer,PhD,31,Marketing,Onsite,0,30000.0
1,Female,Manager,PhD,49,Marketing,Onsite,0,33958.38
16,Male,Developer,Bachelors,42,HR,Onsite,8,69998.7
12,Male,Designer,PhD,28,HR,Onsite,7,62220.78
5,Male,Analyst,Masters,24,Finance,Onsite,2,45874.6
5,Female,Manager,PhD,41,Finance,Onsite,5,41110.76
9,Male,Designer,Bachelors,40,Marketing,Remote,10,66726.39
9,Female,Developer,Bachelors,56,IT,Remote,2,51229.6
3,Female,Analyst,Masters,25,Finance,Onsite,3,46782.19
19,Female,Manager,Masters,26,Marketing,Remote,0,69040.75
16,Male,Manager,PhD,22,Finance,Onsite,4,62652.57
16,Female,Designer,PhD,25,IT,Remote,0,70639.97
3,Male,Analyst,Bachelors,33,Marketing,Onsite,0,31070.29
20,Female,Analyst,Masters,48,IT,Remote,9,82364.22
1,Male,Analyst,Masters,44,Marketing,Remote,10,51787.04
20,Female,Analyst,Masters,46,Finance,Remote,10,75600.36
11,Male,Developer,PhD,42,HR,Remote,6,68198.34
17,Female,Analyst,Masters,45,Finance,Remote,5,65745.58
8,Male,Manager,Bachelors,46,Finance,Onsite,1,45225.0
4,Male,Manager,Bachelors,53,HR,Onsite,10,54444.29
6,Male,Developer,PhD,53,HR,Onsite,1,43291.47
8,Male,Manager,PhD,26,Marketing,Remote,10,64945.88
20,Female,Manager,Masters,57,Marketing,Onsite,6,70995.96
3,Female,Analyst,PhD,60,IT,Remote,0,39637.26
16,Male,Manager,Bachelors,37,IT,Remote,1,67536.21
3,Female,Developer,Masters,54,Finance,Remote,7,51646.13
18,Male,Analyst,Bachelors,42,HR,Onsite,5,65551.7
14,Male,Designer,Masters,30,IT,Remote,1,52155.32
18,Female,Analyst,PhD,27,Finance,Onsite,6,73288.12
2,Male,Developer,Masters,56,HR,Onsite,3,31695.87
3,Male,Analyst,Masters,60,Marketing,Remote,1,30000.0
16,Female,Analyst,Bachelors,43,Finance,Remote,5,67572.68
9,Male,Developer,Bachelors,26,Marketing,Onsite,10,64170.46
4,Male,Analyst,Masters,44,IT,Onsite,8,63994.9
1,Male,Developer,PhD,38,IT,Onsite,10,49743.38
4,Male,Developer,PhD,33,HR,Onsite,8,58761.35
1,Female,Designer,Bachelors,44,Finance,Onsite,7,42279.24
14,Female,Manager,PhD,37,Marketing,Onsite,2,63797.83
16,Female,Manager,Bachelors,24,HR,Remote,2,64269.31
20,Male,Analyst,PhD,51,IT,Onsite,1,84915.62
8,Male,Analyst,Masters,43,IT,Onsite,4,48572.05
7,Female,Designer,Bachelors,30,Finance,Onsite,3,45750.13
3,Male,Designer,Bachelors,50,Marketing,Onsite,6,48982.7
17,Male,Designer,Masters,58,Finance,Remote,3,69537.36
1,Male,Developer,Bachelors,44,Marketing,Remote,8,41879.19
16,Male,Designer,PhD,34,Marketing,Onsite,1,68301.89
12,Female,Designer,PhD,53,Finance,Onsite,10,68794.26
19,Female,Analyst,Bachelors,44,HR,Onsite,5,75259.02
14,Female,Designer,PhD,38,Finance,Remote,6,68152.91
6,Male,Developer,Bachelors,42,Finance,Remote,3,37829.4
6,Female,Developer,Masters,23,IT,Remote,5,41533.73
13,Female,Analyst,Bachelors,58,IT,Remote,6,70434.48
19,Male,Designer,Masters,27,Finance,Remote,3,69115.19
8,Male,Designer,PhD,39,Finance,Remote,7,55835.24
2,Female,Developer,Masters,51,IT,Onsite,8,54062.19
1,Female,Designer,PhD,43,Marketing,Remote,0,31560.66
15,Female,Designer,Bachelors,54,Finance,Remote,6,67949.56
1,Female,Designer,PhD,51,HR,Onsite,8,48480.39
5,Male,Manager,Bachelors,38,HR,Remote,9,50508.68
16,Female,Analyst,Bachelors,53,HR,Onsite,4,74014.65
19,Female,Manager,Masters,35,Finance,Remote,1,73877.79
4,Male,Analyst,Masters,31,Marketing,Onsite,9,60651.67
3,Female,Developer,Masters,57,Marketing,Onsite,5,40048.28
17,Male,Designer,Masters,55,IT,Onsite,6,79834.87
17,Male,Analyst,PhD,30,Finance,Onsite,1,68270.46
12,Male,Manager,PhD,49,Marketing,Onsite,1,48873.17
14,Female,Designer,PhD,32,Finance,Remote,9,58519.12
6,Female,Developer,Bachelors,35,IT,Remote,9,51509.87
3,Male,Analyst,PhD,60,IT,Onsite,0,37461.74
9,Female,Analyst,PhD,40,IT,Onsite,3,54686.74
5,Female,Analyst,PhD,36,HR,Onsite,6,48704.59
17,Male,Designer,Masters,49,Finance,Remote,8,75749.35
14,Male,Manager,PhD,45,IT,Onsite,2,60370.03
3,Female,Manager,Bachelors,29,Finance,Onsite,10,56156.09
1,Male,Analyst,Masters,30,HR,Onsite,6,33818.55
20,Female,Developer,Bachelors,54,HR,Onsite,6,80341.45
1,Female,Developer,PhD,54,IT,Remote,6,36886.24
3,Female,Manager,Masters,40,IT,Onsite,1,32967.29
18,Female,Developer,Bachelors,24,Marketing,Onsite,5,79381.15
10,Male,Manager,PhD,31,Finance,Remote,1,46583.68
3,Male,Analyst,Bachelors,22,IT,Onsite,5,42802.41
8,Male,Manager,Bachelors,50,Marketing,Onsite,9,69292.49
14,Male,Manager,Bachelors,55,Finance,Remote,2,65190.38
18,Female,Analyst,PhD,34,IT,Remote,1,65225.15
15,Female,Developer,PhD,22,Marketing,Remote,5,65638.13
2,Male,Manager,Bachelors,55,Marketing,Onsite,1,30000.0
10,Female,Manager,Masters,50,Finance,Onsite,4,62503.23
2,Female,Analyst,Masters,34,Marketing,Remote,1,40556.76
17,Female,Developer,PhD,50,Finance,Remote,2,70433.01
8,Male,Manager,PhD,60,Finance,Remote,2,52984.16
1,Male,Analyst,PhD,45,Finance,Onsite,5,35627.38
9,Male,Manager,PhD,47,HR,Onsite,5,47760.44
11,Female,Designer,PhD,38,Marketing,Remote,9,68302.7
16,Male,Analyst,Masters,28,Finance,Onsite,2,69442.79
7,Male,Developer,PhD,34,IT,Remote,2,55035.23
10,Male,Developer,Bachelors,26,HR,Onsite,0,48995.55
3,Male,Developer,Bachelors,47,HR,Onsite,6,43266.24
18,Male,Developer,Masters,24,Marketing,Onsite,7,75303.7
13,Male,Manager,Bachelors,28,Finance,Onsite,1,60853.72
7,Female,Manager,Masters,60,Marketing,Remote,3,47089.55
4,Female,Developer,Masters,22,HR,Onsite,9,51238.8
13,Male,Developer,Bachelors,38,Finance,Onsite,6,69155.26
20,Male,Developer,PhD,46,IT,Remote,7,77370.82
1,Female,Manager,Bachelors,24,Finance,Onsite,0,38955.77
8,Female,Developer,Bachelors,36,HR,Remote,3,53665.45
14,Male,Developer,Masters,50,IT,Remote,5,56211.9
16,Male,Designer,Bachelors,53,Finance,Onsite,2,62423.23
14,Male,Designer,Masters,47,IT,Onsite,4,53878.28
12,Male,Developer,PhD,37,IT,Remote,9,66516.6
19,Female,Analyst,PhD,46,HR,Remote,8,77508.44
15,Male,Developer,PhD,49,IT,Remote,10,79174.27
2,Male,Designer,Bachelors,30,Marketing,Onsite,2,32594.91
2,Male,Analyst,Masters,22,HR,Remote,4,41938.68
19,Male,Analyst,PhD,50,Marketing,Remote,7,81344.24
17,Female,Developer,Masters,43,IT,Remote,5,72785.97
20,Female,Designer,Masters,37,Marketing,Onsite,3,80200.62
10,Female,Designer,PhD,28,Finance,Remote,7,70841.44
6,Male,Analyst,PhD,35,IT,Onsite,10,57559.71
15,Male,Developer,Masters,50,Finance,Onsite,2,65025.9
11,Female,Manager,PhD,40,Marketing,Remote,2,50598.62
5,Male,Manager,Masters,40,Finance,Onsite,3,39402.38
1,Male,Designer,Masters,23,IT,Remote,8,49169.15
8,Female,Manager,PhD,36,Finance,Onsite,4,56507.63
12,Female,Designer,Bachelors,24,Marketing,Onsite,7,59351.9
12,Female,Designer,PhD,32,Marketing,Remote,5,54958.9
5,Female,Designer,Bachelors,51,Marketing,Remote,2,39756.32
7,Male,Manager,Masters,39,IT,Remote,7,53793.11
4,Male,Designer,Masters,23,Marketing,Onsite,8,47954.37
6,Female,Analyst,Bachelors,53,IT,Onsite,7,53302.57
13,Male,Developer,Masters,29,Finance,Remote,3,65085.31
20,Female,Developer,Bachelors,43,Marketing,Remote,10,87310.52
15,Female,Designer,Bachelors,27,Finance,Onsite,5,70180.6
3,Male,Developer,Masters,33,HR,Onsite,0,30000.0
8,Female,Manager,Bachelors,57,Finance,Onsite,3,42430.48
20,Male,Manager,PhD,36,HR,Remote,7,76517.72
16,Male,Developer,PhD,49,Finance,Onsite,0,58843.03
13,Male,Manager,Masters,39,IT,Remote,2,63199.14
18,Male,Developer,Masters,23,Finance,Onsite,0,61605.49
10,Female,Developer,Bachelors,34,IT,Onsite,8,65334.64
19,Male,Developer,Bachelors,36,IT,Remote,1,65574.47
17,Female,Designer,Bachelors,41,Marketing,Remote,8,69995.58
19,Female,Developer,Bachelors,50,IT,Remote,3,66727.75
5,Female,Designer,PhD,50,HR,Onsite,1,52791.33
9,Female,Developer,PhD,24,Marketing,Onsite,3,48463.18
12,Male,Developer,Masters,40,Marketing,Onsite,10,72454.94
1,Male,Developer,Bachelors,24,Finance,Remote,10,39209.01
1,Female,Manager,Bachelors,35,IT,Onsite,9,52594.65
15,Female,Designer,Masters,25,IT,Remote,5,69245.21
2,Male,Designer,Bachelors,32,HR,Remote,10,50369.89
16,Female,Developer,Bachelors,52,Finance,Remote,6,73069.14
8,Male,Developer,Bachelors,53,Finance,Onsite,2,51620.0
13,Female,Manager,Bachelors,48,Marketing,Onsite,2,63045.34
1,Male,Manager,Bachelors,51,Marketing,Remote,9,42504.51
16,Female,Manager,Masters,23,Marketing,Onsite,7,69212.06
7,Female,Designer,Bachelors,30,HR,Remote,4,50246.12
5,Male,Designer,Masters,49,HR,Remote,3,47922.14
3,Female,Designer,Bachelors,52,Marketing,Onsite,6,44666.72
12,Female,Developer,PhD,55,Finance,Remote,6,66869.51
16,Male,Designer,PhD,36,HR,Remote,8,77089.18
19,Female,Analyst,PhD,46,Finance,Onsite,8,78915.08
5,Male,Analyst,PhD,57,Finance,Remote,4,37264.1
14,Male,Manager,Masters,29,IT,Remote,7,65982.36
5,Female,Designer,Masters,30,Marketing,Remote,9,62213.99
15,Female,Analyst,Bachelors,58,IT,Remote,0,61700.3
17,Female,Manager,PhD,60,Marketing,Remote,8,72802.25
14,Female,Designer,Masters,53,Marketing,Remote,7,69753.26
20,Female,Developer,Bachelors,38,Finance,Remote,5,80883.22
5,Female,Analyst,Bachelors,56,Marketing,Onsite,2,39804.67
12,Female,Developer,Masters,58,Finance,Onsite,2,63176.92
16,Male,Designer,PhD,40,Finance,Remote,7,74978.49
16,Female,Analyst,Bachelors,50,Marketing,Remote,4,62500.46
7,Male,Designer,PhD,28,Finance,Onsite,9,61781.83
4,Female,Developer,PhD,49,Finance,Onsite,10,50951.93
1,Female,Analyst,PhD,30,Finance,Onsite,6,40104.35
5,Male,Developer,Bachelors,49,HR,Onsite,4,40920.16
10,Female,Designer,PhD,27,Finance,Onsite,7,63657.23
5,Female,Designer,Bachelors,50,HR,Remote,9,52755.67
4,Male,Developer,PhD,38,HR,Onsite,9,54868.78
2,Female,Analyst,Bachelors,37,Finance,Onsite,3,35745.09
20,Female,Developer,PhD,44,Finance,Onsite,1,68172.98
10,Female,Designer,Masters,52,HR,Remote,2,49267.81
19,Male,Developer,PhD,24,HR,Remote,7,80480.16
1,Female,Designer,PhD,42,Finance,Remote,10,43598.25
5,Female,Developer,Bachelors,47,Finance,Remote,6,47984.44
13,Female,Analyst,Bachelors,57,Marketing,Remote,1,54907.87
4,Female,Analyst,PhD,58,HR,Remote,5,47700.42
16,Male,Developer,Masters,43,HR,Onsite,8,65323.49
16,Male,Developer,Masters,33,Marketing,Remote,3,67735.16
2,Female,Analyst,Bachelors,34,HR,Remote,8,54656.72
17,Female,Designer,Masters,32,IT,Onsite,1,71680.13
20,Male,Analyst,PhD,37,HR,Remote,1,68416.73
12,Male,Designer,Bachelors,29,Marketing,Onsite,8,68473.01
18,Female,Developer,PhD,23,IT,Onsite,6,76502.83
3,Male,Developer,Bachelors,51,Finance,Remote,6,52346.96
1,Female,Designer,Bachelors,51,Marketing,Onsite,0,30000.0
1,Male,Developer,Bachelors,33,Marketing,Onsite,10,52564.34
19,Male,Designer,Bachelors,31,Finance,Onsite,5,74162.41
11,Male,Manager,Masters,32,Marketing,Onsite,6,57283.86
5,Male,Analyst,PhD,36,HR,Remote,10,51140.99
12,Female,Manager,PhD,37,Finance,Onsite,5,55000.47
3,Male,Designer,PhD,38,Marketing,Remote,5,40429.41
1,Male,Analyst,Bachelors,47,Finance,Onsite,1,30000.0
1,Female,Designer,Masters,23,Finance,Onsite,5,40401.09
8,Male,Analyst,PhD,33,Finance,Onsite,3,53449.69
10,Male,Analyst,Masters,47,IT,Remote,8,60717.13
11,Female,Analyst,Bachelors,44,Marketing,Remote,0,59498.62
12,Male,Analyst,PhD,39,IT,Remote,7,61757.89
13,Female,Designer,Masters,53,Marketing,Onsite,4,60455.69
12,Female,Analyst,Bachelors,59,HR,Onsite,0,51635.3
14,Female,Analyst,Masters,24,HR,Onsite,3,65493.09
2,Female,Manager,PhD,59,HR,Onsite,0,37497.87
19,Male,Developer,PhD,24,Marketing,Remote,5,77976.83
18,Female,Developer,Bachelors,51,Finance,Onsite,1,66879.46
3,Male,Manager,Bachelors,22,Finance,Remote,4,35296.89
17,Male,Manager,Bachelors,51,IT,Onsite,6,71402.8
8,Male,Designer,Masters,53,IT,Remote,1,54890.7
10,Male,Designer,Masters,49,HR,Remote,5,62566.19
2,Male,Designer,Masters,42,IT,Onsite,5,42970.25
19,Male,Manager,Bachelors,34,Marketing,Onsite,4,72077.74
9,Male,Manager,PhD,48,Marketing,Remote,4,53931.91
7,Male,Analyst,PhD,57,IT,Onsite,2,45099.98
4,Male,Designer,Masters,28,IT,Onsite,9,57465.26
18,Male,Designer,Masters,43,IT,Remote,9,75305.17
13,Female,Designer,PhD,31,IT,Remote,10,75618.35
11,Female,Developer,PhD,60,HR,Remote,1,50853.99
4,Female,Analyst,Masters,36,HR,Remote,6,53604.63
4,Male,Designer,Masters,36,IT,Onsite,0,40133.88
10,Female,Designer,PhD,25,Marketing,Remote,5,53753.06
5,Female,Designer,Bachelors,53,HR,Remote,5,45953.44
9,Female,Developer,Masters,44,Marketing,Remote,2,54558.2
3,Male,Developer,PhD,27,Finance,Onsite,1,35004.29
17,Male,Manager,PhD,45,Marketing,Remote,1,65610.68
3,Male,Analyst,PhD,41,IT,Onsite,8,45435.28
16,Male,Manager,PhD,58,Finance,Remote,10,85795.59
4,Female,Analyst,Bachelors,41,HR,Remote,4,53655.36
18,Female,Developer,PhD,33,HR,Onsite,6,82315.62
17,Female,Designer,Masters,54,Finance,Remote,4,69378.13
7,Female,Manager,Bachelors,49,Marketing,Remote,6,50986.24
5,Male,Designer,PhD,29,HR,Onsite,3,40604.18
12,Male,Manager,Bachelors,22,IT,Remote,7,72178.61
17,Male,Developer,Masters,58,Finance,Remote,10,83653.62
13,Female,Developer,PhD,43,IT,Remote,9,74393.8
3,Male,Developer,Masters,27,Finance,Remote,10,49750.36
9,Male,Manager,PhD,42,HR,Onsite,9,52710.51
17,Female,Analyst,PhD,53,Marketing,Remote,6,65360.21
17,Female,Manager,PhD,56,Finance,Onsite,9,77788.17
20,Male,Analyst,PhD,36,Finance,Remote,4,73386.63
16,Male,Manager,PhD,26,IT,Onsite,10,73811.49
13,Male,Manager,Bachelors,27,HR,Remote,5,65225.74
19,Male,Developer,PhD,46,IT,Onsite,4,79068.3
17,Male,Designer,PhD,50,HR,Remote,6,69493.86
4,Male,Designer,Bachelors,28,IT,Onsite,1,32971.95
12,Female,Analyst,Bachelors,34,Finance,Onsite,4,56612.64
9,Female,Designer,Bachelors,59,IT,Remote,9,56280.18
19,Female,Manager,Bachelors,39,Marketing,Onsite,2,73964.16
12,Male,Manager,Bachelors,23,HR,Remote,8,65979.46
9,Female,Developer,Bachelors,29,HR,Remote,5,64902.45
7,Male,Developer,PhD,32,Finance,Remote,9,61173.43
14,Male,Designer,PhD,54,HR,Remote,2,70069.28
20,Female,Analyst,Masters,59,Marketing,Remote,6,71980.62
19,Male,Designer,PhD,48,IT,Onsite,3,56235.71
15,Male,Designer,PhD,41,Finance,Remote,2,64214.96
16,Female,Designer,Bachelors,33,Marketing,Remote,7,73116.1
5,Female,Designer,Bachelors,52,HR,Remote,3,43886.07
3,Female,Manager,PhD,48,HR,Remote,10,51478.98
12,Male,Analyst,Masters,53,Marketing,Remote,0,48379.87
20,Female,Manager,Bachelors,31,IT,Remote,5,80315.89
4,Female,Analyst,PhD,24,IT,Onsite,9,55180.97
16,Male,Developer,PhD,48,Finance,Onsite,10,71001.26
7,Female,Designer,Masters,56,HR,Remote,10,57231.82
13,Female,Manager,Masters,52,Marketing,Onsite,0,54540.68
10,Female,Analyst,Bachelors,36,IT,Remote,4,52645.95
7,Male,Developer,Masters,37,Finance,Remote,6,47194.44
14,Male,Developer,PhD,34,HR,Remote,5,65562.52
5,Male,Designer,PhD,56,HR,Remote,1,42804.03
3,Male,Analyst,Masters,32,Finance,Remote,10,47949.09
11,Female,Manager,Masters,42,Finance,Onsite,3,51046.06
11,Male,Designer,Masters,32,IT,Onsite,10,69052.79
18,Male,Manager,Masters,51,Marketing,Onsite,1,63663.4
15,Female,Developer,Bachelors,56,HR,Onsite,10,73453.97
12,Female,Manager,Masters,43,Marketing,Remote,0,51819.62
9,Female,Manager,Bachelors,59,HR,Onsite,2,57228.54
10,Male,Designer,PhD,52,HR,Remote,2,49392.85
12,Male,Manager,Masters,35,Marketing,Onsite,6,71627.63
17,Male,Designer,Bachelors,45,Finance,Onsite,0,67761.51
6,Female,Developer,Masters,53,IT,Onsite,8,63104.49
7,Female,Designer,PhD,57,HR,Onsite,10,62323.19
14,Male,Designer,PhD,53,Finance,Remote,5,64394.78
13,Female,Analyst,PhD,36,HR,Onsite,3,55913.17
8,Female,Manager,Masters,56,IT,Onsite,2,47222.94
10,Female,Developer,Masters,24,HR,Remote,2,60436.41
9,Male,Designer,Bachelors,37,IT,Remote,1,49260.31
18,Female,Developer,PhD,26,IT,Onsite,1,70804.6
2,Female,Analyst,Masters,42,HR,Remote,9,48534.86
5,Male,Manager,PhD,31,HR,Remote,4,47248.31
5,Male,Designer,PhD,40,IT,Remote,8,53440.8
6,Female,Manager,Bachelors,46,Finance,Onsite,1,45976.71
19,Female,Analyst,Bachelors,25,Marketing,Remote,1,65429.46
8,Male,Analyst,Bachelors,50,IT,Onsite,5,52125.48
16,Male,Developer,Bachelors,40,HR,Onsite,9,77046.57
13,Female,Designer,PhD,23,HR,Onsite,1,58317.44
1,Female,Developer,Bachelors,31,Finance,Onsite,3,34193.98
20,Female,Analyst,Bachelors,46,Marketing,Remote,5,79583.0
17,Female,Manager,Bachelors,41,IT,Onsite,4,66144.29
7,Male,Developer,Bachelors,40,IT,Remote,0,37884.97
13,Female,Developer,PhD,44,Marketing,Onsite,5,64974.93
4,Female,Manager,Bachelors,45,IT,Remote,0,32007.54
4,Male,Developer,PhD,32,Marketing,Onsite,2,42400.62
6,Female,Manager,Masters,55,HR,Remote,9,45726.6
19,Male,Designer,PhD,49,Marketing,Onsite,4,70375.06
12,Female,Manager,PhD,26,IT,Onsite,9,65862.12
7,Female,Designer,Bachelors,26,Marketing,Remote,4,41966.82
10,Male,Manager,Masters,42,Finance,Onsite,9,61636.64
19,Male,Analyst,Masters,33,HR,Onsite,5,81425.1
7,Female,Analyst,Masters,25,HR,Onsite,9,51148.46
3,Female,Designer,Masters,41,Marketing,Remote,7,44773.13
13,Female,Designer,PhD,59,IT,Onsite,4,70513.22
13,Male,Analyst,Masters,46,Finance,Onsite,10,65690.7
18,Female,Designer,PhD,35,HR,Remote,0,72986.12
20,Male,Manager,PhD,32,HR,Remote,4,74604.97
8,Male,Manager,PhD,53,IT,Remote,2,49509.56
9,Female,Analyst,Masters,32,IT,Remote,3,58957.41
7,Male,Developer,Bachelors,39,Finance,Remote,7,52074.51
1,Female,Manager,Bachelors,48,Marketing,Onsite,6,44155.13
3,Female,Designer,Masters,39,IT,Onsite,10,55422.99
13,Female,Developer,Bachelors,44,Marketing,Onsite,4,58745.93
17,Female,Developer,Bachelors,32,Finance,Remote,1,61692.85
1,Female,Manager,PhD,42,Marketing,Onsite,5,38356.98
6,Male,Manager,PhD,26,HR,Remote,10,56013.42
6,Male,Developer,Masters,44,Marketing,Remote,5,44105.26
12,Female,Developer,Masters,46,Finance,Onsite,9,64292.0
13,Female,Analyst,Bachelors,31,Finance,Remote,9,52165.48
13,Male,Designer,PhD,43,Finance,Remote,10,69328.64
15,Male,Analyst,Masters,40,Marketing,Onsite,5,71971.97
16,Male,Manager,Masters,22,HR,Remote,8,65666.55
11,Male,Analyst,Masters,28,IT,Remote,10,64684.28
5,Female,Analyst,Masters,25,HR,Onsite,7,62711.66
4,Female,Analyst,Masters,22,Marketing,Remote,7,48387.2
3,Male,Analyst,Masters,36,Marketing,Remote,0,42783.97
19,Female,Designer,Bachelors,33,IT,Onsite,4,68940.42
20,Male,Designer,PhD,43,Marketing,Onsite,6,81244.09
18,Female,Developer,PhD,43,Finance,Onsite,5,67588.91
15,Male,Manager,Masters,38,Finance,Onsite,4,68005.32
9,Female,Analyst,PhD,50,Finance,Remote,7,62711.24
17,Male,Developer,PhD,35,Finance,Remote,2,70024.88
14,Male,Developer,PhD,41,Finance,Onsite,5,63775.31
15,Female,Developer,Masters,54,Marketing,Remote,4,67374.67
1,Male,Designer,Masters,36,IT,Remote,7,43922.46
3,Female,Analyst,PhD,33,IT,Onsite,3,43829.95
16,Female,Analyst,PhD,41,Finance,Onsite,7,71881.17
11,Male,Manager,Masters,51,Marketing,Remote,9,70155.69
12,Female,Analyst,Bachelors,59,HR,Onsite,1,62673.03
10,Female,Analyst,PhD,24,HR,Onsite,8,60410.66
16,Female,Developer,Bachelors,49,Marketing,Onsite,8,74232.2
8,Female,Manager,PhD,47,Finance,Remote,9,54975.93
6,Female,Analyst,Bachelors,51,IT,Onsite,9,57201.29
12,Male,Designer,Bachelors,34,Marketing,Remote,5,63233.19
8,Female,Analyst,Bachelors,34,HR,Remote,3,50789.93
4,Female,Developer,Masters,23,HR,Remote,3,43167.0
8,Female,Designer,Bachelors,58,HR,Onsite,5,63109.13
18,Female,Developer,Bachelors,59,Finance,Onsite,4,57566.39
5,Female,Analyst,Bachelors,23,HR,Onsite,5,45016.72
9,Male,Designer,PhD,57,Marketing,Onsite,6,55281.38
4,Female,Manager,Bachelors,47,Marketing,Onsite,6,54284.56
17,Male,Manager,PhD,32,HR,Remote,8,78376.44
9,Male,Designer,Bachelors,29,Marketing,Remote,7,60998.43
1,Male,Designer,Bachelors,43,HR,Remote,5,45799.28
20,Male,Developer,Masters,41,HR,Onsite,5,76600.22
13,Female,Designer,PhD,29,IT,Remote,4,65261.63
16,Male,Developer,Bachelors,50,Finance,Remote,0,59346.17
13,Male,Analyst,PhD,47,Finance,Onsite,8,62733.47
14,Female,Developer,PhD,51,IT,Onsite,8,78970.83
3,Female,Designer,Masters,38,IT,Remote,8,49845.16
6,Female,Designer,Masters,41,Finance,Remote,10,60223.31
18,Male,Analyst,Masters,37,HR,Onsite,7,71099.13
19,Female,Designer,Masters,28,HR,Onsite,9,84051.76
5,Female,Designer,Masters,37,Finance,Onsite,2,51891.16
15,Male,Manager,Masters,48,HR,Onsite,0,58612.75
2,Female,Manager,Masters,44,IT,Remote,10,42721.0
10,Female,Analyst,Masters,45,HR,Remote,7,61419.88
18,Female,Developer,Bachelors,30,HR,Onsite,6,69820.52
13,Female,Manager,PhD,56,Marketing,Remote,4,54211.01
5,Male,Developer,Masters,41,Marketing,Remote,9,49826.17
1,Female,Designer,Masters,58,Marketing,Onsite,6,38537.01
1,Female,Manager,PhD,38,HR,Remote,9,40563.75
18,Male,Analyst,Bachelors,52,Finance,Remote,3,77132.33
15,Female,Analyst,PhD,29,IT,Remote,8,81448.05
17,Male,Analyst,PhD,36,HR,Onsite,10,82090.44
11,Female,Manager,Masters,52,Finance,Onsite,9,67420.98
17,Male,Developer,PhD,51,HR,Remote,1,64789.76
13,Male,Designer,PhD,41,IT,Onsite,8,63518.34
1,Male,Developer,Masters,60,HR,Onsite,8,52014.55
2,Male,Developer,Masters,33,IT,Onsite,4,39685.73
9,Female,Designer,Masters,38,HR,Remote,10,60687.07
3,Male,Designer,Masters,51,IT,Remote,0,41073.78
1,Female,Manager,PhD,50,HR,Onsite,6,40632.08
16,Male,Manager,PhD,40,IT,Remote,9,80386.47
6,Male,Manager,Bachelors,32,Marketing,Remote,9,53451.26
17,Male,Manager,Bachelors,55,HR,Remote,3,73588.18
5,Female,Manager,PhD,28,HR,Remote,8,56898.84
5,Male,Designer,Bachelors,55,Finance,Remote,5,54124.14
6,Female,Developer,PhD,41,Finance,Onsite,2,41452.88
3,Female,Manager,Bachelors,59,IT,Remote,5,43084.8
5,Female,Manager,Masters,45,HR,Remote,9,63238.85
5,Female,Developer,Bachelors,31,IT,Remote,5,46267.94
10,Female,Manager,Masters,53,Marketing,Onsite,4,60055.13
10,Female,Developer,Masters,36,Finance,Onsite,1,62952.83
19,Female,Developer,Masters,58,IT,Onsite,9,72254.79
17,Female,Designer,Masters,41,IT,Remote,9,76102.22
14,Female,Analyst,Bachelors,24,Finance,Onsite,1,59509.35
9,Male,Designer,PhD,58,HR,Onsite,6,48005.61
14,Male,Analyst,Masters,29,IT,Onsite,1,57220.14
1,Male,Analyst,Bachelors,44,Finance,Onsite,5,34643.09
19,Male,Analyst,Masters,32,HR,Remote,4,78288.43
13,Male,Manager,Bachelors,29,Marketing,Onsite,3,51836.76
13,Female,Designer,Bachelors,50,Finance,Onsite,6,74446.61
4,Female,Analyst,Bachelors,51,IT,Remote,7,51949.49
1,Female,Developer,PhD,31,Marketing,Remote,3,31230.89
17,Female,Manager,Bachelors,60,HR,Onsite,0,69132.1
8,Female,Designer,Bachelors,49,HR,Remote,0,48984.9
2,Female,Analyst,PhD,57,Finance,Onsite,0,33806.16
8,Female,Developer,PhD,34,Finance,Remote,10,57392.72
7,Male,Designer,Bachelors,53,Finance,Remote,0,46738.32
2,Male,Designer,PhD,57,HR,Onsite,4,40614.6
3,Male,Manager,Masters,58,Marketing,Remote,3,37053.8
18,Male,Designer,Masters,47,HR,Onsite,8,71283.72
12,Female,Manager,PhD,43,IT,Remote,2,52747.05
1,Female,Analyst,PhD,25,HR,Onsite,6,38483.51
12,Female,Manager,Bachelors,52,IT,Remote,10,74812.44
5,Male,Developer,PhD,39,Marketing,Remote,7,54803.79
17,Female,Manager,Bachelors,59,Finance,Remote,5,69249.66
16,Female,Developer,Masters,45,Finance,Remote,9,73444.03
15,Female,Manager,PhD,44,HR,Remote,0,64956.76
15,Male,Designer,Bachelors,43,Finance,Onsite,7,71836.73
5,Female,Analyst,Bachelors,23,Marketing,Remote,9,54767.07
14,Male,Developer,Masters,52,Finance,Onsite,2,57483.12
2,Male,Manager,PhD,32,HR,Onsite,7,43882.91
11,Male,Manager,Masters,49,Marketing,Onsite,3,56521.31
19,Male,Manager,Bachelors,53,IT,Remote,7,78044.04
7,Female,Designer,Bachelors,26,HR,Onsite,10,62670.34
6,Male,Designer,PhD,59,IT,Remote,0,45826.77
2,Male,Developer,Bachelors,31,Marketing,Onsite,2,32405.21
6,Female,Developer,PhD,45,HR,Onsite,5,46998.93
18,Female,Designer,Masters,56,HR,Onsite,8,74563.13
2,Male,Developer,PhD,44,Marketing,Onsite,1,42442.63
18,Female,Analyst,PhD,38,Finance,Onsite,10,90000.0
15,Male,Analyst,Bachelors,22,HR,Remote,0,57681.89
19,Male,Designer,Bachelors,52,HR,Onsite,9,80664.52
2,Male,Developer,PhD,52,IT,Onsite,2,41211.57
20,Male,Manager,Bachelors,55,Finance,Remote,3,70963.94
6,Female,Analyst,Bachelors,30,IT,Remote,10,61324.54
1,Male,Designer,Bachelors,43,IT,Remote,4,37895.65
15,Female,Developer,PhD,34,Finance,Onsite,2,54281.3
10,Female,Designer,Bachelors,46,Finance,Onsite,9,56997.83
19,Female,Manager,PhD,39,Marketing,Onsite,10,81310.73
17,Female,Analyst,Bachelors,33,Finance,Onsite,1,71614.74
5,Male,Designer,Masters,38,HR,Onsite,1,37037.33
4,Female,Designer,Bachelors,36,Finance,Onsite,6,44329.5
10,Male,Designer,Bachelors,36,Marketing,Remote,8,63055.62
17,Female,Manager,PhD,36,Marketing,Remote,9,69156.18
10,Female,Designer,PhD,60,Marketing,Onsite,1,52992.77
17,Male,Manager,Bachelors,34,Finance,Onsite,6,65281.3
20,Male,Manager,Masters,38,Finance,Onsite,6,81835.92
5,Male,Manager,Bachelors,53,IT,Onsite,10,50956.11
2,Female,Analyst,Bachelors,30,IT,Onsite,6,38289.75
6,Female,Analyst,Masters,41,HR,Remote,2,46363.98
2,Male,Designer,PhD,47,IT,Remote,6,46969.95
13,Male,Designer,Bachelors,48,HR,Onsite,0,57881.3
11,Male,Analyst,PhD,42,Marketing,Remote,9,66538.22
11,Male,Developer,PhD,39,IT,Onsite,0,53109.01
16,Female,Analyst,Masters,34,Finance,Onsite,4,69911.61
11,Male,Manager,Masters,37,IT,Onsite,1,55740.18
19,Male,Analyst,PhD,30,HR,Remote,8,78028.59
15,Male,Manager,Bachelors,33,IT,Remote,6,72272.51
16,Male,Designer,PhD,59,Marketing,Onsite,3,62509.05
11,Female,Developer,Bachelors,40,Finance,Remote,3,61956.97
16,Male,Designer,Bachelors,28,HR,Remote,1,67412.22
8,Female,Manager,Masters,56,Finance,Onsite,4,62904.51
4,Male,Manager,Bachelors,39,Finance,Remote,3,45069.24
8,Male,Manager,Bachelors,37,HR,Remote,0,50545.5
4,Female,Developer,PhD,60,Finance,Onsite,7,40697.31
3,Male,Analyst,Masters,25,Finance,Onsite,2,43708.48
3,Female,Designer,Bachelors,46,IT,Remote,5,49382.28
18,Female,Designer,Bachelors,53,Finance,Onsite,3,78023.61
19,Male,Analyst,Masters,34,Finance,Remote,8,80602.33
19,Female,Designer,PhD,38,Finance,Onsite,6,75290.53
5,Female,Developer,Masters,58,Finance,Onsite,8,46552.43
18,Female,Designer,Masters,27,HR,Onsite,9,74509.82
10,Female,Manager,Bachelors,40,Marketing,Onsite,2,52871.97
6,Female,Analyst,Bachelors,34,IT,Remote,0,33242.81
1,Female,Developer,PhD,47,Finance,Onsite,4,34158.91
5,Female,Analyst,Bachelors,35,Finance,Onsite,2,43447.61
9,Female,Developer,Bachelors,52,HR,Onsite,5,55836.02
12,Male,Manager,Masters,25,Marketing,Remote,7,59653.03
14,Male,Analyst,Bachelors,60,Finance,Remote,10,66830.68
2,Female,Designer,PhD,29,HR,Onsite,3,33077.44
17,Male,Developer,Masters,46,IT,Onsite,4,68895.74
14,Female,Analyst,PhD,34,IT,Onsite,4,74648.99
13,Female,Designer,Masters,53,Finance,Onsite,3,65801.7
9,Male,Analyst,Bachelors,59,Finance,Onsite,3,53570.97
15,Female,Analyst,Masters,59,Marketing,Onsite,3,67269.45
15,Female,Analyst,Masters,49,Marketing,Remote,3,69579.32
11,Female,Developer,Bachelors,51,Finance,Onsite,3,59878.09
16,Female,Designer,Bachelors,24,HR,Onsite,4,66458.95
17,Male,Manager,PhD,49,Marketing,Onsite,1,61272.06
4,Female,Developer,PhD,24,Finance,Onsite,1,38873.63
1,Female,Developer,Bachelors,55,Marketing,Onsite,8,49021.21
8,Female,Developer,Bachelors,37,Finance,Onsite,1,46148.04
17,Male,Manager,Bachelors,43,IT,Remote,5,65976.62
3,Female,Designer,Masters,53,Finance,Remote,1,30000.0
20,Male,Designer,Masters,59,IT,Remote,4,75394.85
15,Male,Designer,Masters,29,Marketing,Remote,3,59371.79
15,Female,Analyst,Bachelors,29,Finance,Remote,6,66817.42
14,Female,Analyst,PhD,27,Marketing,Remote,6,74281.16
14,Male,Analyst,Bachelors,35,IT,Onsite,5,65230.75
2,Female,Manager,Masters,53,Finance,Onsite,9,43747.7
13,Male,Analyst,Masters,56,Marketing,Onsite,4,63543.76
14,Male,Manager,Bachelors,31,IT,Onsite,0,67604.77
19,Female,Designer,Bachelors,24,Marketing,Onsite,2,70396.52
7,Female,Analyst,Masters,33,HR,Onsite,8,44222.37
3,Male,Analyst,Masters,52,IT,Remote,0,39250.38
15,Male,Developer,Masters,50,IT,Onsite,4,67732.15
14,Male,Manager,Bachelors,26,IT,Remote,1,59950.61
11,Male,Designer,Masters,46,Finance,Remote,3,55404.11
15,Female,Developer,Masters,52,Finance,Onsite,10,70963.64
13,Female,Developer,PhD,42,Finance,Onsite,0,63574.87
18,Female,Designer,Bachelors,41,HR,Onsite,2,59808.45
6,Female,Developer,PhD,60,HR,Onsite,9,53955.19
3,Female,Manager,PhD,43,IT,Onsite,6,43338.3
19,Male,Manager,Masters,25,HR,Onsite,9,85767.21
15,Female,Analyst,Bachelors,34,Marketing,Onsite,2,69178.3
5,Female,Developer,Masters,41,IT,Remote,3,43366.33
10,Female,Analyst,Bachelors,34,IT,Onsite,1,52464.83
7,Female,Developer,PhD,38,Marketing,Onsite,2,48389.93
17,Female,Manager,Bachelors,57,IT,Remote,8,81266.63
7,Male,Manager,Masters,54,HR,Onsite,2,52163.65
12,Male,Manager,Masters,22,Finance,Onsite,10,66307.93
17,Male,Developer,Masters,36,Marketing,Remote,4,72189.51
13,Female,Manager,Bachelors,34,HR,Onsite,1,59416.26
20,Male,Developer,PhD,38,Marketing,Onsite,3,73920.45
4,Male,Analyst,PhD,45,Marketing,Onsite,6,48868.91
10,Female,Developer,Bachelors,29,IT,Onsite,6,59100.94
3,Female,Analyst,Masters,48,IT,Onsite,2,39789.45
9,Female,Developer,PhD,44,HR,Onsite,4,47219.97
13,Male,Analyst,Masters,29,Marketing,Remote,0,51410.19
18,Male,Manager,Bachelors,29,IT,Onsite,9,83588.78
15,Female,Analyst,Masters,47,IT,Onsite,9,67447.06
4,Female,Manager,PhD,34,Marketing,Remote,9,53850.55
15,Male,Manager,PhD,60,HR,Remote,10,74592.87
2,Male,Analyst,Masters,58,HR,Onsite,0,39153.27
15,Female,Developer,Bachelors,49,Marketing,Remote,4,69244.0
8,Female,Developer,Masters,46,HR,Onsite,9,57233.6
8,Male,Designer,Bachelors,37,IT,Onsite,8,56883.76
17,Female,Developer,Masters,23,Marketing,Remote,0,54072.31
12,Male,Designer,PhD,39,IT,Onsite,0,53348.01
19,Male,Developer,Bachelors,38,Finance,Onsite,3,66149.26
10,Male,Developer,Bachelors,51,Finance,Remote,3,53406.47
9,Male,Manager,Bachelors,60,HR,Remote,1,46310.41
5,Female,Designer,PhD,34,Finance,Remote,8,47616.85
6,Female,Developer,Masters,53,IT,Remote,8,59938.62
20,Male,Designer,PhD,50,Finance,Onsite,1,65118.95
2,Male,Manager,Bachelors,51,IT,Remote,8,41184.67
13,Male,Manager,Masters,39,HR,Remote,5,60008.94
6,Male,Designer,PhD,34,HR,Remote,7,50094.41
5,Male,Manager,Bachelors,42,IT,Remote,9,49116.11
1,Female,Analyst,Bachelors,51,Finance,Remote,3,34704.26
6,Female,Analyst,PhD,42,HR,Onsite,1,45010.77
6,Female,Manager,PhD,38,Marketing,Remote,1,46849.29
16,Female,Analyst,PhD,40,HR,Onsite,8,77106.54
4,Male,Developer,Bachelors,36,Finance,Remote,0,30000.0
11,Male,Designer,PhD,30,Marketing,Remote,6,62900.98
9,Male,Developer,Bachelors,31,Finance,Remote,10,65209.49
3,Male,Designer,PhD,52,IT,Remote,2,35688.0
19,Male,Manager,Bachelors,44,Marketing,Remote,2,79338.42
8,Female,Developer,Bachelors,51,Finance,Remote,1,52938.33
5,Male,Manager,Masters,54,Marketing,Remote,9,52584.88
4,Female,Manager,PhD,30,Finance,Remote,5,42520.16
6,Female,Designer,PhD,22,Marketing,Onsite,9,63757.22
2,Female,Designer,Bachelors,56,Finance,Remote,1,35404.93
20,Female,Designer,Bachelors,32,IT,Onsite,9,83925.19
11,Male,Developer,Bachelors,55,Marketing,Remote,3,56862.28
4,Female,Analyst,Masters,37,Marketing,Onsite,9,63015.52
15,Female,Designer,Masters,30,Marketing,Remote,8,70917.42
6,Female,Designer,Bachelors,53,Marketing,Remote,8,53881.79
17,Male,Developer,PhD,36,IT,Remote,5,67344.69
6,Male,Designer,PhD,33,Marketing,Onsite,3,44552.5
19,Male,Developer,Masters,54,HR,Onsite,6,71843.04
2,Female,Manager,Masters,35,IT,Onsite,0,30000.0
15,Female,Designer,Bachelors,29,HR,Onsite,3,55450.24
11,Male,Designer,PhD,29,Marketing,Remote,4,62407.62
8,Female,Manager,Bachelors,48,Finance,Remote,7,57283.73
19,Male,Manager,Masters,33,HR,Remote,1,70695.55
13,Male,Manager,PhD,22,Marketing,Onsite,4,61737.81
12,Female,Designer,PhD,32,HR,Remote,5,61858.83
5,Female,Analyst,Masters,60,Marketing,Onsite,4,54095.7
6,Female,Analyst,Bachelors,52,Marketing,Onsite,8,50156.14
4,Female,Analyst,Bachelors,38,Marketing,Onsite,9,52891.78
19,Male,Designer,PhD,54,Finance,Onsite,0,69364.96
20,Male,Manager,Masters,53,HR,Onsite,2,78709.95
1,Male,Designer,PhD,50,IT,Remote,1,35693.27
20,Male,Manager,Masters,42,IT,Onsite,2,75444.59
17,Male,Designer,Bachelors,42,IT,Onsite,9,71208.65
12,Female,Designer,Masters,44,IT,Remote,8,61955.49
15,Male,Manager,Bachelors,27,Marketing,Onsite,8,66165.56
1,Male,Analyst,Masters,43,HR,Onsite,9,33120.64
14,Male,Manager,PhD,59,HR,Remote,1,61486.0
6,Female,Developer,Bachelors,58,Finance,Remote,2,43691.86
5,Female,Developer,PhD,29,HR,Remote,3,46495.36
11,Female,Manager,PhD,56,HR,Onsite,8,64177.45
4,Female,Designer,Bachelors,32,HR,Remote,2,42202.18
13,Male,Developer,Bachelors,45,Finance,Remote,6,71690.58
11,Male,Developer,PhD,42,IT,Remote,2,55036.48
3,Female,Designer,PhD,23,HR,Onsite,6,48344.95
1,Female,Designer,PhD,40,Finance,Remote,6,39488.78
6,Male,Analyst,PhD,60,Finance,Onsite,8,58123.94
18,Male,Designer,Bachelors,49,Marketing,Onsite,1,61301.81
10,Female,Manager,Bachelors,38,Finance,Remote,5,48312.22
5,Female,Manager,PhD,27,IT,Onsite,8,62533.3
10,Female,Analyst,Masters,40,HR,Onsite,1,60681.52
12,Female,Developer,Masters,59,Finance,Remote,1,45772.43
2,Male,Developer,Bachelors,49,IT,Onsite,4,39819.43
13,Male,Designer,PhD,23,Finance,Remote,9,70249.58
8,Male,Manager,PhD,59,Finance,Onsite,9,63114.86
2,Female,Developer,Bachelors,58,Finance,Onsite,9,56196.04
20,Female,Analyst,Masters,25,Finance,Remote,7,75192.95
1,Male,Analyst,Masters,43,Finance,Remote,10,41961.59
5,Male,Manager,Masters,47,IT,Onsite,8,51994.14
9,Male,Analyst,Bachelors,57,HR,Onsite,1,44682.11
17,Male,Analyst,Masters,34,HR,Remote,4,56429.32
9,Female,Manager,Bachelors,53,HR,Onsite,6,55863.8
11,Male,Designer,Bachelors,38,HR,Onsite,5,63787.72
15,Male,Designer,PhD,57,IT,Onsite,5,67397.66
6,Male,Analyst,Masters,40,Marketing,Onsite,6,54120.23
3,Male,Designer,Bachelors,56,Marketing,Remote,2,41405.03
17,Male,Designer,Masters,49,IT,Remote,2,61865.07
5,Male,Analyst,Masters,22,IT,Remote,9,53840.11
12,Male,Designer,PhD,39,Finance,Remote,8,58374.2
18,Female,Analyst,Masters,54,Finance,Remote,7,73940.45
14,Female,Developer,PhD,33,Finance,Remote,4,64252.27
11,Female,Manager,Bachelors,29,HR,Onsite,5,59494.24
9,Female,Manager,Masters,45,Finance,Remote,10,56545.33
2,Male,Designer,Bachelors,37,Marketing,Onsite,9,42055.02
12,Female,Designer,Masters,25,HR,Onsite,0,55454.8
3,Female,Designer,Bachelors,59,Finance,Onsite,9,53636.97
3,Male,Manager,Masters,48,HR,Remote,0,34965.16
1,Male,Developer,Masters,30,Marketing,Onsite,3,35214.87
8,Female,Developer,Masters,37,Finance,Remote,1,52156.38
8,Female,Manager,Masters,33,Marketing,Onsite,10,57139.67
11,Male,Developer,Masters,52,Marketing,Onsite,6,69635.15
9,Female,Manager,Masters,45,Marketing,Remote,1,42773.64
5,Male,Developer,Masters,35,Finance,Onsite,9,58742.48
14,Male,Analyst,Masters,46,IT,Onsite,1,62195.84
3,Male,Analyst,Masters,55,Finance,Onsite,4,54050.6
5,Male,Manager,Bachelors,24,Marketing,Onsite,3,38894.15
5,Female,Developer,PhD,45,Finance,Remote,7,38829.89
19,Male,Designer,Masters,30,Marketing,Onsite,3,78747.23
14,Male,Developer,PhD,47,IT,Onsite,5,58143.33
4,Female,Analyst,Masters,41,HR,Remote,4,47078.88
13,Male,Analyst,Masters,31,IT,Onsite,10,76910.76
10,Female,Developer,Bachelors,40,IT,Onsite,1,53398.8
18,Female,Developer,Bachelors,24,HR,Onsite,10,82160.9
8,Female,Designer,PhD,45,Finance,Onsite,7,58504.7
8,Male,Designer,Bachelors,26,HR,Remote,1,51687.11
7,Female,Developer,Bachelors,24,Finance,Onsite,8,58935.34
8,Female,Developer,PhD,48,Finance,Remote,8,51917.08
14,Male,Developer,Bachelors,37,Marketing,Onsite,2,70125.0
19,Female,Developer,Masters,36,Marketing,Onsite,3,72755.54
6,Female,Manager,PhD,56,HR,Onsite,7,55091.71
1,Female,Developer,PhD,33,IT,Remote,8,47554.95
15,Female,Designer,Masters,47,HR,Onsite,2,68779.64
1,Female,Analyst,Bachelors,55,Finance,Onsite,4,43260.53
17,Male,Manager,PhD,44,Marketing,Remote,10,79658.68
1,Female,Developer,PhD,52,HR,Remote,7,42837.33
15,Female,Analyst,Masters,41,HR,Remote,2,65043.05
2,Male,Manager,Masters,33,Marketing,Remote,6,48500.31
14,Male,Analyst,Bachelors,44,Marketing,Onsite,10,67436.89
8,Male,Developer,PhD,25,Marketing,Onsite,7,59720.48
8,Female,Developer,Bachelors,44,Finance,Onsite,9,55068.39
19,Male,Designer,Bachelors,22,Marketing,Onsite,10,90000.0
7,Female,Developer,Masters,46,IT,Remote,2,48836.57
19,Female,Developer,PhD,23,HR,Onsite,1,67419.86
6,Male,Manager,PhD,51,Marketing,Onsite,9,57643.58
6,Male,Designer,PhD,24,Marketing,Onsite,6,51046.01
3,Female,Manager,Masters,42,Finance,Onsite,8,47199.07
7,Male,Analyst,Masters,46,Finance,Remote,0,34953.87
19,Female,Developer,Masters,41,HR,Onsite,2,65879.03
8,Male,Analyst,Masters,43,IT,Onsite,4,51297.73
10,Male,Manager,Masters,42,HR,Onsite,2,44558.23
20,Male,Developer,PhD,54,Marketing,Remote,0,67064.12
15,Female,Developer,Bachelors,59,IT,Remote,6,66500.63
15,Male,Manager,PhD,36,IT,Onsite,6,65102.79
1,Female,Manager,Bachelors,36,IT,Onsite,9,49361.77
20,Female,Manager,Masters,46,IT,Onsite,7,76099.15
7,Female,Manager,Bachelors,42,HR,Remote,4,50442.04
4,Female,Manager,PhD,45,Finance,Onsite,9,49734.18
6,Male,Developer,PhD,26,Finance,Onsite,4,47406.01
1,Female,Manager,Bachelors,27,Marketing,Onsite,4,46032.0
5,Female,Developer,Masters,44,Finance,Remote,0,40898.43
1,Male,Developer,Masters,25,Finance,Onsite,9,47365.16
4,Female,Manager,PhD,48,Finance,Onsite,4,40172.91
2,Male,Manager,Bachelors,39,Finance,Remote,5,44630.75
10,Female,Designer,Masters,42,Marketing,Remote,0,52919.85
5,Male,Developer,Masters,49,HR,Onsite,10,57438.04
10,Female,Manager,PhD,56,IT,Remote,6,52954.12
1,Male,Manager,Masters,43,Finance,Onsite,0,30000.0
6,Female,Manager,Bachelors,44,HR,Remote,10,64167.9
13,Female,Designer,PhD,24,Finance,Remote,1,54061.28
15,Male,Designer,PhD,31,Finance,Onsite,1,69349.94
4,Male,Analyst,Bachelors,46,IT,Onsite,4,41268.02
13,Male,Developer,PhD,29,IT,Onsite,9,70241.08
20,Male,Analyst,Masters,32,IT,Remote,6,78064.15
15,Female,Manager,Masters,26,Finance,Onsite,0,55775.97
8,Female,Designer,Bachelors,58,Finance,Onsite,9,55347.96
5,Male,Designer,Masters,59,Finance,Onsite,0,36478.78
15,Female,Analyst,Bachelors,50,IT,Onsite,0,60740.32
4,Male,Designer,Bachelors,26,Marketing,Onsite,5,49952.09
12,Male,Manager,Masters,30,HR,Remote,1,55915.78
13,Female,Designer,Bachelors,23,Marketing,Onsite,0,55833.11
2,Female,Analyst,Masters,22,Finance,Onsite,5,47551.89
19,Female,Manager,PhD,51,Finance,Remote,1,69706.69
19,Female,Analyst,PhD,32,Marketing,Onsite,5,72785.68
4,Female,Designer,Bachelors,49,Finance,Onsite,9,46511.29
4,Female,Analyst,Masters,33,HR,Onsite,7,54852.24
11,Female,Analyst,Masters,60,Finance,Onsite,1,51853.01
5,Male,Developer,PhD,47,HR,Onsite,10,52107.13
20,Male,Designer,PhD,34,Marketing,Remote,8,78674.78
11,Male,Designer,Masters,29,Marketing,Remote,7,68570.95
10,Male,Analyst,Bachelors,49,Finance,Remote,9,60635.13
8,Male,Developer,PhD,51,HR,Onsite,0,50952.31
6,Female,Designer,Bachelors,30,Finance,Remote,6,49847.96
6,Male,Manager,Bachelors,60,IT,Onsite,9,49458.1
8,Male,Analyst,PhD,52,IT,Onsite,5,51837.54
15,Male,Designer,Bachelors,42,IT,Onsite,5,67336.03
14,Male,Manager,Bachelors,55,IT,Remote,5,64924.15
11,Male,Designer,Masters,52,Finance,Remote,5,58800.08
12,Male,Manager,Bachelors,46,IT,Remote,9,65890.28
13,Male,Analyst,Masters,33,HR,Onsite,6,61074.95
8,Female,Designer,PhD,22,Marketing,Remote,2,49053.69
18,Female,Designer,PhD,43,Marketing,Onsite,5,76204.74
1,Male,Developer,Masters,58,IT,Remote,2,30000.0
15,Female,Analyst,PhD,22,IT,Remote,6,75495.31
8,Female,Manager,Bachelors,22,IT,Onsite,6,36516.89
11,Female,Designer,Bachelors,42,Finance,Onsite,7,62876.24
12,Female,Designer,Bachelors,36,Marketing,Remote,1,57830.43
12,Male,Manager,PhD,38,IT,Remote,8,62983.24
4,Female,Analyst,Bachelors,43,HR,Remote,4,33370.83
16,Female,Developer,PhD,59,IT,Onsite,8,73516.38
4,Female,Developer,Bachelors,56,Marketing,Onsite,9,52348.48
5,Male,Designer,Masters,37,IT,Remote,4,40256.41
5,Male,Manager,PhD,29,Marketing,Remote,6,44849.33
8,Male,Designer,PhD,38,IT,Onsite,10,65813.56
10,Male,Manager,Bachelors,38,HR,Remote,8,62588.41
17,Male,Developer,PhD,47,IT,Onsite,3,60956.62
9,Male,Analyst,PhD,34,HR,Onsite,1,51749.15
19,Male,Manager,Masters,38,HR,Onsite,8,75347.41
14,Female,Developer,Masters,59,IT,Onsite,1,55626.19
8,Female,Designer,Bachelors,38,HR,Onsite,2,49988.29
9,Female,Manager,Masters,35,Finance,Onsite,9,62022.45
11,Male,Analyst,Bachelors,27,IT,Remote,1,51486.97
1,Male,Designer,Bachelors,56,IT,Onsite,2,32478.95
14,Male,Designer,Bachelors,35,HR,Onsite,5,64246.0
5,Male,Developer,PhD,29,HR,Remote,2,39097.03
14,Male,Manager,Masters,36,IT,Onsite,9,76945.06
4,Female,Designer,Bachelors,48,Finance,Remote,7,40654.03
1,Female,Analyst,Masters,34,HR,Onsite,10,45795.61
19,Male,Manager,Bachelors,52,HR,Remote,5,68202.97
8,Male,Analyst,Masters,56,Marketing,Remote,6,59680.01
15,Male,Designer,Masters,27,Finance,Onsite,0,58788.45
15,Male,Analyst,Bachelors,26,Finance,Onsite,2,57716.66
9,Female,Developer,PhD,43,IT,Onsite,2,54425.24
9,Male,Analyst,Masters,44,Finance,Onsite,1,38040.35
10,Male,Manager,PhD,46,IT,Remote,6,60404.42
20,Male,Analyst,PhD,55,Marketing,Remote,8,87756.45
9,Male,Analyst,Bachelors,47,Finance,Remote,3,53397.72
3,Female,Developer,Bachelors,26,HR,Onsite,4,39467.45
20,Male,Analyst,Bachelors,47,Marketing,Remote,2,66789.09
11,Male,Analyst,Masters,41,IT,Onsite,10,72412.57
6,Female,Designer,Bachelors,27,Marketing,Onsite,8,58637.11
2,Female,Designer,Bachelors,27,IT,Remote,3,35273.19
7,Female,Manager,Masters,39,Marketing,Onsite,4,46906.81
18,Male,Designer,Masters,25,IT,Remote,0,71933.84
2,Male,Designer,Bachelors,38,Finance,Onsite,10,51658.07
17,Female,Designer,Bachelors,35,HR,Remote,1,56567.08
11,Female,Designer,Bachelors,35,IT,Onsite,8,63021.49
12,Female,Developer,Bachelors,34,Marketing,Remote,1,54337.22
19,Female,Designer,PhD,28,IT,Remote,4,75238.17
7,Female,Developer,PhD,36,IT,Onsite,7,54530.23
20,Female,Developer,Bachelors,40,IT,Onsite,2,70436.44
6,Male,Designer,PhD,56,Marketing,Remote,5,50391.8
1,Male,Analyst,Masters,38,HR,Onsite,3,34261.11
17,Male,Developer,PhD,56,Finance,Onsite,10,90000.0
11,Female,Analyst,PhD,40,HR,Onsite,6,61613.64
18,Female,Analyst,Bachelors,41,IT,Remote,9,79426.5
17,Female,Designer,PhD,57,Marketing,Remote,2,76214.04
7,Female,Manager,PhD,56,HR,Onsite,5,44678.28
17,Female,Designer,PhD,53,IT,Onsite,9,76950.14
20,Female,Manager,PhD,45,Finance,Remote,8,77251.98
9,Male,Manager,Masters,38,Finance,Onsite,10,66175.05
17,Male,Designer,Bachelors,28,Finance,Remote,9,75028.25
20,Female,Designer,Bachelors,22,IT,Onsite,0,72900.47
8,Male,Manager,Masters,56,Marketing,Onsite,2,51540.25
17,Female,Designer,PhD,53,HR,Onsite,1,69401.86
7,Male,Manager,Masters,57,Finance,Remote,7,57122.59
1,Female,Analyst,PhD,34,IT,Remote,6,39879.8
13,Female,Designer,Masters,27,IT,Remote,1,50511.74
19,Male,Analyst,Bachelors,35,HR,Remote,5,80545.42
19,Male,Developer,Bachelors,58,Finance,Onsite,2,78045.14
17,Female,Analyst,Bachelors,36,IT,Onsite,7,69810.66
13,Female,Analyst,PhD,25,HR,Remote,9,73179.39
16,Male,Manager,PhD,37,Marketing,Onsite,2,59148.19
8,Male,Analyst,Masters,49,Marketing,Onsite,9,60517.16
19,Female,Designer,Masters,37,Marketing,Remote,8,82047.1
18,Male,Manager,Bachelors,25,Finance,Onsite,0,63868.9
1,Female,Developer,PhD,47,HR,Onsite,4,38475.36
14,Female,Designer,Masters,49,HR,Remote,2,65241.02
19,Female,Developer,PhD,53,IT,Onsite,5,74952.92
15,Female,Analyst,PhD,23,IT,Onsite,9,70124.31
18,Male,Designer,Bachelors,52,IT,Onsite,1,61381.1
2,Male,Designer,Bachelors,24,HR,Remote,8,44046.18
17,Male,Developer,PhD,29,IT,Remote,5,65626.39
18,Male,Designer,PhD,45,HR,Onsite,6,73113.08
6,Male,Designer,PhD,36,HR,Onsite,4,45673.79
19,Male,Designer,PhD,52,Marketing,Onsite,8,84020.52
4,Male,Analyst,Bachelors,30,IT,Remote,0,38367.38
1,Female,Developer,Masters,60,Marketing,Remote,4,50736.3
8,Male,Designer,Bachelors,23,Finance,Remote,10,50932.05
7,Male,Manager,Masters,29,Finance,Onsite,9,59066.86
3,Female,Manager,PhD,28,Finance,Onsite,10,48742.22
10,Male,Manager,Masters,60,HR,Onsite,5,52719.8
10,Male,Manager,Bachelors,37,HR,Onsite,6,58851.15
19,Female,Analyst,Bachelors,56,HR,Onsite,3,71976.92
14,Male,Designer,PhD,51,IT,Remote,0,63389.06
2,Male,Developer,Bachelors,31,Marketing,Onsite,10,49456.29
1,Male,Designer,PhD,59,HR,Onsite,7,39035.99
18,Female,Analyst,Bachelors,39,Marketing,Onsite,9,81171.05
7,Male,Manager,Bachelors,26,Marketing,Remote,3,47351.74
8,Male,Analyst,PhD,50,Marketing,Onsite,2,43372.61
1,Female,Designer,Masters,60,IT,Remote,6,39757.27
3,Male,Developer,Bachelors,55,IT,Remote,1,38654.71
8,Female,Analyst,Masters,44,Finance,Remote,7,56861.41
15,Female,Developer,Bachelors,26,Finance,Remote,5,69151.57
5,Male,Analyst,Bachelors,51,Marketing,Remote,6,46367.57
3,Female,Developer,Bachelors,27,Finance,Onsite,4,43588.06
19,Female,Developer,Bachelors,25,Marketing,Onsite,8,80600.58
1,Male,Manager,Masters,50,IT,Remote,4,38641.15
15,Female,Developer,Masters,44,IT,Remote,10,75161.78
8,Female,Manager,Bachelors,27,IT,Remote,4,62880.47
2,Male,Designer,Bachelors,53,HR,Onsite,2,42550.63
3,Male,Designer,Masters,39,Marketing,Onsite,10,52476.96
14,Male,Manager,PhD,36,IT,Remote,0,53998.96
14,Female,Manager,PhD,53,Marketing,Onsite,1,58038.34
11,Male,Analyst,Masters,30,Finance,Onsite,7,70578.94
16,Female,Analyst,Bachelors,58,Finance,Remote,0,59185.31
4,Female,Analyst,Bachelors,31,IT,Remote,6,46171.35
20,Female,Designer,PhD,41,Marketing,Onsite,4,74892.98
5,Female,Analyst,PhD,27,IT,Onsite,2,44839.44
14,Female,Developer,Masters,24,Finance,Onsite,10,70816.77
16,Female,Developer,PhD,32,IT,Remote,6,71884.29
18,Female,Analyst,Masters,38,Marketing,Remote,8,75928.42
7,Male,Developer,PhD,53,Finance,Remote,1,52072.55
10,Male,Designer,PhD,25,HR,Onsite,7,57068.61
7,Female,Developer,PhD,25,Finance,Onsite,8,60888.22
1,Female,Designer,Bachelors,38,HR,Remote,10,44074.32
19,Male,Manager,Bachelors,40,IT,Onsite,2,66731.27
16,Female,Manager,Bachelors,26,IT,Remote,1,59996.04
19,Male,Manager,PhD,53,Marketing,Onsite,6,68442.82
4,Male,Manager,Masters,43,HR,Remote,4,46192.99
18,Male,Developer,Masters,27,IT,Onsite,4,66180.12
2,Female,Analyst,Masters,56,HR,Onsite,9,45710.4
1,Female,Developer,Masters,43,IT,Remote,4,41808.11
15,Male,Designer,Bachelors,22,Finance,Remote,3,68146.76
5,Male,Developer,Bachelors,41,IT,Remote,4,38841.71
20,Male,Developer,PhD,43,Marketing,Remote,3,76052.72
11,Male,Designer,PhD,32,Finance,Remote,5,65202.47
10,Male,Manager,Masters,34,Marketing,Onsite,3,51315.79
2,Female,Manager,Bachelors,24,Finance,Remote,1,38067.87
3,Male,Manager,Masters,30,HR,Remote,8,42283.6
12,Female,Analyst,PhD,33,Marketing,Remote,1,57428.28
20,Male,Designer,PhD,44,IT,Remote,8,82656.36
5,Female,Designer,Masters,35,HR,Remote,9,56805.73
5,Female,Developer,PhD,54,IT,Onsite,5,50495.73
6,Female,Analyst,Masters,39,Finance,Remote,8,47232.58
9,Female,Manager,Bachelors,30,Finance,Remote,8,60682.77
2,Female,Analyst,Masters,44,IT,Remote,2,44264.57
12,Female,Designer,Bachelors,31,IT,Onsite,0,43073.46
3,Male,Designer,Bachelors,40,HR,Onsite,0,40834.63
20,Female,Developer,PhD,26,IT,Remote,2,81008.53
12,Male,Developer,PhD,44,Marketing,Remote,4,52576.82
17,Female,Designer,PhD,51,Marketing,Onsite,2,63646.5
10,Female,Manager,Masters,46,IT,Onsite,8,64588.72
14,Male,Manager,Masters,49,Marketing,Onsite,8,65569.37
17,Female,Analyst,PhD,55,IT,Remote,2,73822.9
18,Male,Designer,Masters,46,HR,Remote,2,74294.48
19,Male,Designer,PhD,31,Marketing,Onsite,4,67075.18
17,Male,Manager,Masters,35,Marketing,Remote,1,61784.71
14,Male,Manager,Bachelors,51,IT,Onsite,5,69349.18
9,Female,Designer,Bachelors,46,Marketing,Onsite,6,60653.3
8,Female,Developer,PhD,35,Finance,Onsite,8,69092.2
2,Male,Designer,Masters,56,HR,Remote,5,37100.59
13,Female,Designer,Masters,55,HR,Onsite,2,66296.09
7,Female,Manager,Bachelors,31,Marketing,Onsite,4,45430.43
9,Male,Manager,Bachelors,56,Marketing,Remote,3,55001.6
11,Female,Developer,PhD,32,Finance,Onsite,4,62461.71
14,Male,Developer,Bachelors,32,Finance,Remote,7,53530.5
4,Male,Analyst,PhD,42,Marketing,Onsite,7,53056.03
13,Female,Designer,Bachelors,42,Marketing,Remote,5,70422.85
2,Female,Manager,Bachelors,43,Finance,Onsite,0,39479.41
5,Female,Developer,Masters,28,IT,Onsite,7,60766.69
11,Male,Analyst,Bachelors,38,Finance,Onsite,7,67325.89
6,Male,Analyst,Bachelors,23,IT,Onsite,1,40813.97
18,Female,Manager,PhD,33,HR,Onsite,3,76695.06
10,Female,Manager,Bachelors,39,HR,Remote,1,48530.17
4,Female,Analyst,PhD,32,Finance,Remote,3,42912.09
9,Female,Developer,Bachelors,37,IT,Onsite,9,65658.92
6,Male,Analyst,Bachelors,39,Finance,Onsite,6,53240.4
2,Female,Designer,PhD,56,Finance,Onsite,8,52755.66
17,Male,Designer,Masters,47,IT,Remote,7,86943.37
5,Male,Manager,PhD,37,Finance,Remote,8,46313.18
6,Female,Developer,PhD,27,HR,Onsite,7,50858.32
12,Female,Developer,PhD,33,Marketing,Remote,1,57081.89
10,Female,Designer,Masters,34,Marketing,Onsite,6,56684.05
6,Male,Analyst,Bachelors,25,Finance,Onsite,1,43121.47
8,Female,Manager,PhD,60,IT,Onsite,10,64879.1
2,Female,Analyst,PhD,23,IT,Remote,1,38714.54
12,Male,Analyst,Masters,47,HR,Onsite,3,59736.66
13,Female,Analyst,PhD,48,IT,Onsite,0,56738.65
7,Male,Developer,Bachelors,48,IT,Onsite,4,48880.65
10,Female,Designer,Masters,36,HR,Remote,5,64522.61
13,Male,Developer,Bachelors,29,Finance,Remote,8,76316.94
17,Female,Designer,Bachelors,28,Marketing,Remote,9,82594.07
14,Female,Manager,Masters,33,HR,Onsite,7,62753.12
2,Male,Manager,PhD,34,Finance,Remote,1,34188.95
11,Male,Analyst,Bachelors,38,HR,Onsite,0,52998.33
1,Female,Designer,Bachelors,38,Finance,Remote,1,30000.0
19,Male,Designer,Bachelors,57,HR,Onsite,6,77395.42
4,Male,Designer,Bachelors,42,Finance,Remote,3,42611.11
19,Male,Analyst,Masters,29,HR,Onsite,9,86920.69
11,Male,Analyst,Masters,26,Finance,Remote,4,55508.55
8,Female,Manager,Bachelors,47,HR,Remote,6,60816.51
11,Female,Developer,PhD,37,Marketing,Remote,2,50213.16
4,Male,Designer,Bachelors,57,Marketing,Onsite,9,47410.8
17,Male,Designer,PhD,49,IT,Remote,1,63603.19
7,Male,Developer,Bachelors,50,Finance,Remote,6,53239.36
8,Male,Designer,PhD,33,HR,Remote,4,39917.44
3,Female,Analyst,Bachelors,58,Finance,Remote,0,38296.49
2,Female,Analyst,PhD,51,Marketing,Onsite,0,42546.71
15,Male,Designer,Bachelors,44,Finance,Remote,8,75256.35
5,Male,Analyst,Bachelors,37,HR,Onsite,4,44946.65
1,Male,Analyst,PhD,35,Finance,Onsite,0,30000.0
4,Female,Designer,Masters,31,HR,Onsite,6,37934.89
15,Male,Manager,PhD,28,Marketing,Onsite,8,63784.88
20,Female,Developer,Masters,58,Marketing,Remote,10,84345.8
19,Male,Analyst,Bachelors,50,Marketing,Onsite,0,78534.55
3,Female,Manager,PhD,24,IT,Onsite,9,35914.63
20,Male,Analyst,PhD,36,Marketing,Onsite,3,78001.09
11,Female,Analyst,PhD,57,Finance,Onsite,2,51611.42
17,Male,Developer,Masters,40,IT,Remote,4,68322.53
13,Male,Analyst,Masters,34,Marketing,Remote,6,60311.51
11,Male,Developer,Bachelors,42,Finance,Onsite,7,55662.81
2,Female,Developer,Masters,58,Finance,Onsite,1,36128.19
9,Male,Developer,Masters,48,Finance,Onsite,6,58314.02
2,Female,Manager,Bachelors,50,HR,Remote,0,37341.7
9,Female,Designer,PhD,41,IT,Remote,6,48573.78
9,Male,Manager,PhD,46,Finance,Remote,7,62869.86
8,Male,Designer,Bachelors,27,HR,Remote,1,51959.04
17,Male,Designer,PhD,57,Marketing,Remote,8,78122.47
1,Female,Developer,Masters,23,Finance,Onsite,0,30000.0
11,Male,Analyst,Bachelors,43,HR,Remote,5,61042.15
8,Female,Developer,Bachelors,53,Finance,Remote,0,45197.75
10,Female,Analyst,Bachelors,37,IT,Onsite,2,57842.58
7,Male,Designer,PhD,39,IT,Remote,10,57167.28
3,Male,Developer,Bachelors,26,Marketing,Remote,5,44040.12
3,Male,Analyst,Bachelors,57,Finance,Remote,2,30308.39
18,Male,Manager,Bachelors,51,HR,Onsite,7,78026.5
5,Male,Analyst,PhD,40,Marketing,Remote,4,42252.23
12,Male,Developer,Masters,44,Finance,Onsite,1,58062.33
12,Female,Manager,Bachelors,55,Marketing,Onsite,3,62442.12
19,Female,Analyst,Masters,34,HR,Remote,8,76950.14
6,Female,Analyst,PhD,50,Marketing,Remote,3,46655.94
